{"cameraMode":{"drawMode":0,"name":"Shaded","section":"Shading Mode"},"sceneLighting":false,"audioPlay":false,"sceneViewState":{"showFog":true,"showMaterialUpdate":false,"showSkybox":false,"showFlares":true,"showImageEffects":true,"showParticleSystems":true},"in2DMode":false,"pivot":{"x":-9.770268440246582,"y":-4.294198036193848,"z":-5.066272258758545},"rotation":{"x":-0.03481461480259895,"y":-0.9364652633666992,"z":0.0972750186920166,"w":-0.33525681495666506},"size":1.8535805940628052,"orthographic":true}